Code du département;Code de la commune;Code INSEE;Libellé de la commune;Inscrits;Abstentions;Votants;Blancs;Nuls;Exprimés;Nom_candidat_RN;Prénom_candidat_RN;Voix_RN;Pct_RN_exp;Nom_candidat_2;Voix_candidat_2
09;507;09507;Commune_09507;50937;20742;30195;761;0;29434;LE PEN;Marine;7633;25.93;MACRON;21801
72;072;72072;Commune_72072;31568;13317;18251;525;0;17726;LE PEN;Marine;5957;33.61;MACRON;11769
61;471;61471;Commune_61471;37161;13355;23806;358;0;23448;LE PEN;Marine;7444;31.75;MACRON;16004
41;071;41071;Commune_41071;71868;25154;46714;1568;0;45146;LE PEN;Marine;14939;33.09;MACRON;30207
41;433;41433;Commune_41433;25333;10760;14573;380;0;14193;LE PEN;Marine;5175;36.47;MACRON;9018
81;053;81053;Commune_81053;53446;17797;35649;706;0;34943;LE PEN;Marine;11160;31.94;MACRON;23783
08;293;08293;Commune_08293;38197;7820;30377;464;0;29913;LE PEN;Marine;9577;32.02;MACRON;20336
65;395;65395;Commune_65395;22160;8905;13255;190;0;13065;LE PEN;Marine;3496;26.76;MACRON;9569
19;437;19437;Commune_19437;55222;18725;36497;638;0;35859;LE PEN;Marine;12078;33.68;MACRON;23781
09;251;09251;Commune_09251;52062;17839;34223;1033;0;33190;LE PEN;Marine;9140;27.54;MACRON;24050
49;553;49553;Commune_49553;18408;4072;14336;275;0;14061;LE PEN;Marine;4234;30.12;MACRON;9827
95;464;95464;Commune_95464;33310;13340;19970;771;0;19199;LE PEN;Marine;6762;35.22;MACRON;12437
69;125;69125;Commune_69125;72420;26377;46043;1622;0;44421;LE PEN;Marine;13920;31.34;MACRON;30501
71;403;71403;Commune_71403;67686;21680;46006;938;0;45068;LE PEN;Marine;10636;23.6;MACRON;34432
67;438;67438;Commune_67438;41877;10971;30906;585;0;30321;LE PEN;Marine;11377;37.52;MACRON;18944
74;200;74200;Commune_74200;69574;20757;48817;1029;0;47788;LE PEN;Marine;17831;37.31;MACRON;29957
48;443;48443;Commune_48443;63305;13266;50039;1325;0;48714;LE PEN;Marine;19458;39.95;MACRON;29256
12;539;12539;Commune_12539;15068;4527;10541;295;0;10246;LE PEN;Marine;3279;32.0;MACRON;6967
80;490;80490;Commune_80490;17665;6669;10996;430;0;10566;LE PEN;Marine;4250;40.23;MACRON;6316
42;457;42457;Commune_42457;50791;14963;35828;1079;0;34749;LE PEN;Marine;8895;25.6;MACRON;25854
47;381;47381;Commune_47381;23735;8973;14762;176;0;14586;LE PEN;Marine;4148;28.44;MACRON;10438
35;163;35163;Commune_35163;44561;16151;28410;434;0;27976;LE PEN;Marine;9148;32.7;MACRON;18828
17;477;17477;Commune_17477;29894;6884;23010;439;0;22571;LE PEN;Marine;7550;33.45;MACRON;15021
88;219;88219;Commune_88219;58035;21287;36748;1106;0;35642;LE PEN;Marine;12643;35.47;MACRON;22999
73;319;73319;Commune_73319;34053;7412;26641;557;0;26084;LE PEN;Marine;8390;32.17;MACRON;17694
60;189;60189;Commune_60189;24702;10491;14211;216;0;13995;LE PEN;Marine;4978;35.57;MACRON;9017
38;188;38188;Commune_38188;75083;29149;45934;1371;0;44563;LE PEN;Marine;13666;30.67;MACRON;30897
78;095;78095;Commune_78095;75628;31080;44548;704;0;43844;LE PEN;Marine;13848;31.59;MACRON;29996
51;576;51576;Commune_51576;51965;21462;30503;322;0;30181;LE PEN;Marine;8817;29.22;MACRON;21364
42;089;42089;Commune_42089;72150;23427;48723;1748;0;46975;LE PEN;Marine;14726;31.35;MACRON;32249
42;052;42052;Commune_42052;70182;29334;40848;1612;0;39236;LE PEN;Marine;13551;34.54;MACRON;25685
22;561;22561;Commune_22561;36189;10163;26026;924;0;25102;LE PEN;Marine;7253;28.9;MACRON;17849
09;333;09333;Commune_09333;61973;17070;44903;967;0;43936;LE PEN;Marine;14998;34.14;MACRON;28938
52;263;52263;Commune_52263;63888;23570;40318;1270;0;39048;LE PEN;Marine;13723;35.15;MACRON;25325
84;442;84442;Commune_84442;63033;13386;49647;1343;0;48304;LE PEN;Marine;15291;31.66;MACRON;33013
06;230;06230;Commune_06230;61586;23178;38408;948;0;37460;LE PEN;Marine;9280;24.78;MACRON;28180
81;077;81077;Commune_81077;76175;26153;50022;1687;0;48335;LE PEN;Marine;13048;27.0;MACRON;35287
78;438;78438;Commune_78438;54891;16679;38212;392;0;37820;LE PEN;Marine;10990;29.06;MACRON;26830
26;106;26106;Commune_26106;74330;21675;52655;1972;0;50683;LE PEN;Marine;14240;28.1;MACRON;36443
59;332;59332;Commune_59332;52039;18036;34003;926;0;33077;LE PEN;Marine;7617;23.03;MACRON;25460
16;569;16569;Commune_16569;47604;15095;32509;390;0;32119;LE PEN;Marine;11981;37.3;MACRON;20138
71;561;71561;Commune_71561;45874;10353;35521;1325;0;34196;LE PEN;Marine;10852;31.74;MACRON;23344
66;217;66217;Commune_66217;49620;15425;34195;400;0;33795;LE PEN;Marine;9619;28.46;MACRON;24176
33;468;33468;Commune_33468;50623;15213;35410;809;0;34601;LE PEN;Marine;10697;30.92;MACRON;23904
07;367;07367;Commune_07367;34111;14949;19162;600;0;18562;LE PEN;Marine;6074;32.72;MACRON;12488
95;288;95288;Commune_95288;61087;23108;37979;1122;0;36857;LE PEN;Marine;12697;34.45;MACRON;24160
42;084;42084;Commune_42084;43448;17088;26360;611;0;25749;LE PEN;Marine;8782;34.11;MACRON;16967
85;226;85226;Commune_85226;55763;13444;42319;1192;0;41127;LE PEN;Marine;12849;31.24;MACRON;28278
64;391;64391;Commune_64391;78690;26698;51992;1006;0;50986;LE PEN;Marine;19294;37.84;MACRON;31692
73;591;73591;Commune_73591;19467;5638;13829;393;0;13436;LE PEN;Marine;4477;33.32;MACRON;8959
71;003;71003;Commune_71003;75225;22423;52802;1692;0;51110;LE PEN;Marine;17492;34.23;MACRON;33618
19;430;19430;Commune_19430;15675;4042;11633;136;0;11497;LE PEN;Marine;3820;33.23;MACRON;7677
34;507;34507;Commune_34507;56730;19554;37176;572;0;36604;LE PEN;Marine;8903;24.32;MACRON;27701
44;570;44570;Commune_44570;34737;11978;22759;276;0;22483;LE PEN;Marine;6447;28.68;MACRON;16036
47;254;47254;Commune_47254;70722;20003;50719;906;0;49813;LE PEN;Marine;16393;32.91;MACRON;33420
05;071;05071;Commune_05071;22359;6085;16274;186;0;16088;LE PEN;Marine;4848;30.14;MACRON;11240
51;163;51163;Commune_51163;26777;9430;17347;588;0;16759;LE PEN;Marine;5205;31.06;MACRON;11554
15;510;15510;Commune_15510;51575;13101;38474;818;0;37656;LE PEN;Marine;11259;29.9;MACRON;26397
70;526;70526;Commune_70526;32395;12735;19660;538;0;19122;LE PEN;Marine;5425;28.38;MACRON;13697
64;382;64382;Commune_64382;55476;23838;31638;728;0;30910;LE PEN;Marine;10570;34.2;MACRON;20340
87;074;87074;Commune_87074;33205;7610;25595;597;0;24998;LE PEN;Marine;8275;33.1;MACRON;16723
70;074;70074;Commune_70074;26877;8126;18751;390;0;18361;LE PEN;Marine;4731;25.77;MACRON;13630
35;287;35287;Commune_35287;38928;15543;23385;873;0;22512;LE PEN;Marine;7973;35.42;MACRON;14539
91;353;91353;Commune_91353;33768;8447;25321;354;0;24967;LE PEN;Marine;7373;29.53;MACRON;17594
39;020;39020;Commune_39020;65889;22756;43133;451;0;42682;LE PEN;Marine;10305;24.14;MACRON;32377
31;411;31411;Commune_31411;63537;20199;43338;602;0;42736;LE PEN;Marine;14371;33.63;MACRON;28365
86;327;86327;Commune_86327;17938;4951;12987;230;0;12757;LE PEN;Marine;4158;32.6;MACRON;8599
35;008;35008;Commune_35008;28645;6504;22141;657;0;21484;LE PEN;Marine;6162;28.68;MACRON;15322
08;058;08058;Commune_08058;60034;17783;42251;1523;0;40728;LE PEN;Marine;13087;32.13;MACRON;27641
44;273;44273;Commune_44273;69098;24847;44251;1171;0;43080;LE PEN;Marine;11537;26.78;MACRON;31543
74;433;74433;Commune_74433;29869;6693;23176;346;0;22830;LE PEN;Marine;5408;23.69;MACRON;17422
18;495;18495;Commune_18495;48532;14826;33706;1099;0;32607;LE PEN;Marine;8003;24.55;MACRON;24604
44;259;44259;Commune_44259;40005;9326;30679;650;0;30029;LE PEN;Marine;7952;26.48;MACRON;22077
13;177;13177;Commune_13177;39053;15882;23171;637;0;22534;LE PEN;Marine;7512;33.34;MACRON;15022
64;581;64581;Commune_64581;70513;31464;39049;472;0;38577;LE PEN;Marine;13476;34.93;MACRON;25101
45;275;45275;Commune_45275;42336;16985;25351;838;0;24513;LE PEN;Marine;10349;42.22;MACRON;14164
31;189;31189;Commune_31189;21800;6837;14963;197;0;14766;LE PEN;Marine;4697;31.82;MACRON;10069
22;265;22265;Commune_22265;72982;23092;49890;1779;0;48111;LE PEN;Marine;13701;28.48;MACRON;34410
53;008;53008;Commune_53008;25734;9708;16026;219;0;15807;LE PEN;Marine;5497;34.78;MACRON;10310
63;181;63181;Commune_63181;63716;14326;49390;1759;0;47631;LE PEN;Marine;16366;34.36;MACRON;31265
89;309;89309;Commune_89309;53443;13045;40398;521;0;39877;LE PEN;Marine;11992;30.07;MACRON;27885
41;551;41551;Commune_41551;18491;8029;10462;342;0;10120;LE PEN;Marine;3288;32.5;MACRON;6832
15;443;15443;Commune_15443;58232;20170;38062;1412;0;36650;LE PEN;Marine;14857;40.54;MACRON;21793
79;468;79468;Commune_79468;49860;11976;37884;444;0;37440;LE PEN;Marine;10583;28.27;MACRON;26857
59;327;59327;Commune_59327;55311;14212;41099;1089;0;40010;LE PEN;Marine;11042;27.6;MACRON;28968
66;067;66067;Commune_66067;55045;11243;43802;1339;0;42463;LE PEN;Marine;15635;36.82;MACRON;26828
10;235;10235;Commune_10235;56641;22681;33960;1181;0;32779;LE PEN;Marine;11169;34.08;MACRON;21610
30;598;30598;Commune_30598;21769;4372;17397;225;0;17172;LE PEN;Marine;5834;33.98;MACRON;11338
72;027;72027;Commune_72027;78340;20303;58037;692;0;57345;LE PEN;Marine;23084;40.26;MACRON;34261
79;527;79527;Commune_79527;21521;9316;12205;447;0;11758;LE PEN;Marine;3870;32.92;MACRON;7888
41;411;41411;Commune_41411;79810;18326;61484;1814;0;59670;LE PEN;Marine;17795;29.82;MACRON;41875
76;171;76171;Commune_76171;67029;24759;42270;1571;0;40699;LE PEN;Marine;12472;30.65;MACRON;28227
80;467;80467;Commune_80467;35216;13422;21794;797;0;20997;LE PEN;Marine;6068;28.9;MACRON;14929
37;502;37502;Commune_37502;34417;9630;24787;913;0;23874;LE PEN;Marine;7275;30.48;MACRON;16599
85;026;85026;Commune_85026;63753;13511;50242;1425;0;48817;LE PEN;Marine;14897;30.52;MACRON;33920
27;064;27064;Commune_27064;25133;7113;18020;674;0;17346;LE PEN;Marine;5231;30.16;MACRON;12115
23;399;23399;Commune_23399;25929;7004;18925;552;0;18373;LE PEN;Marine;5339;29.06;MACRON;13034
64;599;64599;Commune_64599;39748;10059;29689;1095;0;28594;LE PEN;Marine;8324;29.11;MACRON;20270
60;015;60015;Commune_60015;38532;16688;21844;338;0;21506;LE PEN;Marine;5509;25.62;MACRON;15997
13;399;13399;Commune_13399;59203;12522;46681;1823;0;44858;LE PEN;Marine;13057;29.11;MACRON;31801
79;082;79082;Commune_79082;18214;8029;10185;218;0;9967;LE PEN;Marine;3235;32.47;MACRON;6732
19;390;19390;Commune_19390;77881;20256;57625;1877;0;55748;LE PEN;Marine;18342;32.9;MACRON;37406
76;374;76374;Commune_76374;27690;8242;19448;277;0;19171;LE PEN;Marine;5736;29.92;MACRON;13435
01;055;01055;Commune_01055;20584;6725;13859;238;0;13621;LE PEN;Marine;3876;28.46;MACRON;9745
76;408;76408;Commune_76408;16150;6945;9205;343;0;8862;LE PEN;Marine;3408;38.46;MACRON;5454
74;538;74538;Commune_74538;18455;4870;13585;515;0;13070;LE PEN;Marine;4027;30.81;MACRON;9043
73;518;73518;Commune_73518;68421;23720;44701;927;0;43774;LE PEN;Marine;12651;28.9;MACRON;31123
62;018;62018;Commune_62018;45549;13480;32069;658;0;31411;LE PEN;Marine;11923;37.96;MACRON;19488
44;148;44148;Commune_44148;69136;17262;51874;1881;0;49993;LE PEN;Marine;16165;32.34;MACRON;33828
66;145;66145;Commune_66145;63507;24724;38783;1001;0;37782;LE PEN;Marine;11902;31.5;MACRON;25880
26;272;26272;Commune_26272;35924;15829;20095;627;0;19468;LE PEN;Marine;5403;27.76;MACRON;14065
73;086;73086;Commune_73086;29523;9234;20289;643;0;19646;LE PEN;Marine;7685;39.12;MACRON;11961
52;512;52512;Commune_52512;71639;14408;57231;2279;0;54952;LE PEN;Marine;19751;35.94;MACRON;35201
43;466;43466;Commune_43466;20695;6907;13788;496;0;13292;LE PEN;Marine;5107;38.43;MACRON;8185
48;485;48485;Commune_48485;48723;12942;35781;1301;0;34480;LE PEN;Marine;10297;29.86;MACRON;24183
53;119;53119;Commune_53119;30831;7595;23236;798;0;22438;LE PEN;Marine;6525;29.08;MACRON;15913
04;009;04009;Commune_04009;79915;19580;60335;1853;0;58482;LE PEN;Marine;13619;23.29;MACRON;44863
14;546;14546;Commune_14546;45096;18800;26296;353;0;25943;LE PEN;Marine;10062;38.79;MACRON;15881
23;174;23174;Commune_23174;73353;21539;51814;1325;0;50489;LE PEN;Marine;12694;25.14;MACRON;37795
11;394;11394;Commune_11394;65174;14546;50628;1508;0;49120;LE PEN;Marine;16382;33.35;MACRON;32738
41;545;41545;Commune_41545;52121;18061;34060;959;0;33101;LE PEN;Marine;11328;34.22;MACRON;21773
63;022;63022;Commune_63022;40749;10592;30157;812;0;29345;LE PEN;Marine;6250;21.3;MACRON;23095
61;004;61004;Commune_61004;55006;14757;40249;1254;0;38995;LE PEN;Marine;12607;32.33;MACRON;26388
44;004;44004;Commune_44004;48069;11653;36416;432;0;35984;LE PEN;Marine;11546;32.09;MACRON;24438
81;094;81094;Commune_81094;36942;11880;25062;306;0;24756;LE PEN;Marine;8446;34.12;MACRON;16310
53;031;53031;Commune_53031;64071;17956;46115;1452;0;44663;LE PEN;Marine;13041;29.2;MACRON;31622
08;492;08492;Commune_08492;46945;11810;35135;667;0;34468;LE PEN;Marine;9740;28.26;MACRON;24728
72;363;72363;Commune_72363;49035;19591;29444;604;0;28840;LE PEN;Marine;8321;28.85;MACRON;20519
54;588;54588;Commune_54588;35425;9778;25647;907;0;24740;LE PEN;Marine;7441;30.08;MACRON;17299
60;481;60481;Commune_60481;41653;11237;30416;462;0;29954;LE PEN;Marine;9814;32.77;MACRON;20140
53;577;53577;Commune_53577;44481;18255;26226;802;0;25424;LE PEN;Marine;7344;28.89;MACRON;18080
52;143;52143;Commune_52143;38804;15055;23749;611;0;23138;LE PEN;Marine;8300;35.87;MACRON;14838
09;173;09173;Commune_09173;48668;13738;34930;661;0;34269;LE PEN;Marine;10043;29.31;MACRON;24226
53;509;53509;Commune_53509;66468;24380;42088;1245;0;40843;LE PEN;Marine;14991;36.7;MACRON;25852
74;147;74147;Commune_74147;55416;23602;31814;1152;0;30662;LE PEN;Marine;9304;30.35;MACRON;21358
29;035;29035;Commune_29035;50715;16323;34392;832;0;33560;LE PEN;Marine;9353;27.87;MACRON;24207
57;401;57401;Commune_57401;19907;7082;12825;256;0;12569;LE PEN;Marine;3349;26.65;MACRON;9220
03;480;03480;Commune_03480;27898;10666;17232;465;0;16767;LE PEN;Marine;5347;31.89;MACRON;11420
33;580;33580;Commune_33580;24777;5642;19135;731;0;18404;LE PEN;Marine;7198;39.11;MACRON;11206
41;556;41556;Commune_41556;45047;17800;27247;354;0;26893;LE PEN;Marine;8531;31.72;MACRON;18362
2A;042;2A042;Commune_2A042;77438;15588;61850;2220;0;59630;LE PEN;Marine;14208;23.83;MACRON;45422
20;463;20463;Commune_20463;66046;29330;36716;643;0;36073;LE PEN;Marine;6182;17.14;MACRON;29891
26;507;26507;Commune_26507;42716;10458;32258;885;0;31373;LE PEN;Marine;10899;34.74;MACRON;20474
38;419;38419;Commune_38419;17817;5730;12087;321;0;11766;LE PEN;Marine;4098;34.83;MACRON;7668
2B;287;2B287;Commune_2B287;75833;22719;53114;580;0;52534;LE PEN;Marine;17062;32.48;MACRON;35472
81;502;81502;Commune_81502;31409;9062;22347;715;0;21632;LE PEN;Marine;6699;30.97;MACRON;14933
04;268;04268;Commune_04268;79439;29152;50287;1749;0;48538;LE PEN;Marine;14773;30.44;MACRON;33765
22;025;22025;Commune_22025;58746;15927;42819;592;0;42227;LE PEN;Marine;12424;29.42;MACRON;29803
78;274;78274;Commune_78274;29005;8433;20572;384;0;20188;LE PEN;Marine;5117;25.35;MACRON;15071
06;121;06121;Commune_06121;27684;11632;16052;235;0;15817;LE PEN;Marine;4457;28.18;MACRON;11360
81;069;81069;Commune_81069;19988;6608;13380;377;0;13003;LE PEN;Marine;4151;31.93;MACRON;8852
27;075;27075;Commune_27075;25765;10458;15307;480;0;14827;LE PEN;Marine;5459;36.82;MACRON;9368
87;418;87418;Commune_87418;78878;29352;49526;827;0;48699;LE PEN;Marine;15133;31.08;MACRON;33566
28;303;28303;Commune_28303;33265;8440;24825;963;0;23862;LE PEN;Marine;9071;38.02;MACRON;14791
41;324;41324;Commune_41324;38228;16801;21427;381;0;21046;LE PEN;Marine;6717;31.92;MACRON;14329
62;447;62447;Commune_62447;47012;19298;27714;977;0;26737;LE PEN;Marine;6382;23.87;MACRON;20355
12;329;12329;Commune_12329;77452;16140;61312;1695;0;59617;LE PEN;Marine;24208;40.61;MACRON;35409
52;378;52378;Commune_52378;20515;6577;13938;493;0;13445;LE PEN;Marine;4148;30.85;MACRON;9297
47;052;47052;Commune_47052;49410;12635;36775;496;0;36279;LE PEN;Marine;9844;27.14;MACRON;26435
73;510;73510;Commune_73510;16790;4027;12763;330;0;12433;LE PEN;Marine;3011;24.22;MACRON;9422
2B;157;2B157;Commune_2B157;77440;18717;58723;635;0;58088;LE PEN;Marine;20717;35.66;MACRON;37371
62;093;62093;Commune_62093;18973;7882;11091;376;0;10715;LE PEN;Marine;3179;29.68;MACRON;7536
39;488;39488;Commune_39488;68586;15751;52835;1535;0;51300;LE PEN;Marine;19955;38.9;MACRON;31345
38;441;38441;Commune_38441;45216;13299;31917;598;0;31319;LE PEN;Marine;9870;31.52;MACRON;21449
39;032;39032;Commune_39032;64845;13599;51246;673;0;50573;LE PEN;Marine;15857;31.36;MACRON;34716
77;116;77116;Commune_77116;23689;7528;16161;293;0;15868;LE PEN;Marine;4389;27.66;MACRON;11479
30;010;30010;Commune_30010;55695;16784;38911;1320;0;37591;LE PEN;Marine;13006;34.6;MACRON;24585
16;163;16163;Commune_16163;32169;8226;23943;863;0;23080;LE PEN;Marine;5162;22.37;MACRON;17918
32;060;32060;Commune_32060;30760;10261;20499;210;0;20289;LE PEN;Marine;7834;38.61;MACRON;12455
03;426;03426;Commune_03426;34038;8962;25076;478;0;24598;LE PEN;Marine;6740;27.4;MACRON;17858
10;314;10314;Commune_10314;35211;14355;20856;721;0;20135;LE PEN;Marine;6352;31.55;MACRON;13783
09;588;09588;Commune_09588;51497;12652;38845;1410;0;37435;LE PEN;Marine;9660;25.81;MACRON;27775
72;449;72449;Commune_72449;31238;6307;24931;434;0;24497;LE PEN;Marine;9508;38.81;MACRON;14989
68;367;68367;Commune_68367;17985;6702;11283;197;0;11086;LE PEN;Marine;2852;25.73;MACRON;8234
65;306;65306;Commune_65306;21167;6601;14566;250;0;14316;LE PEN;Marine;4502;31.45;MACRON;9814
43;033;43033;Commune_43033;32389;11387;21002;623;0;20379;LE PEN;Marine;7163;35.15;MACRON;13216
67;043;67043;Commune_67043;77749;21523;56226;1564;0;54662;LE PEN;Marine;15206;27.82;MACRON;39456
15;370;15370;Commune_15370;69341;28643;40698;1403;0;39295;LE PEN;Marine;12364;31.47;MACRON;26931
85;003;85003;Commune_85003;72990;28025;44965;526;0;44439;LE PEN;Marine;13759;30.96;MACRON;30680
47;026;47026;Commune_47026;17422;4933;12489;262;0;12227;LE PEN;Marine;3051;24.96;MACRON;9176
89;132;89132;Commune_89132;65135;23660;41475;981;0;40494;LE PEN;Marine;12443;30.73;MACRON;28051
15;530;15530;Commune_15530;57383;19253;38130;433;0;37697;LE PEN;Marine;10642;28.23;MACRON;27055
47;275;47275;Commune_47275;49304;14286;35018;923;0;34095;LE PEN;Marine;9744;28.58;MACRON;24351
65;426;65426;Commune_65426;42964;18526;24438;734;0;23704;LE PEN;Marine;7453;31.44;MACRON;16251
47;247;47247;Commune_47247;35378;15793;19585;287;0;19298;LE PEN;Marine;4983;25.82;MACRON;14315
42;104;42104;Commune_42104;35076;11422;23654;456;0;23198;LE PEN;Marine;6905;29.77;MACRON;16293
16;223;16223;Commune_16223;78012;30412;47600;1579;0;46021;LE PEN;Marine;11900;25.86;MACRON;34121
36;055;36055;Commune_36055;60134;22754;37380;1070;0;36310;LE PEN;Marine;9857;27.15;MACRON;26453
23;462;23462;Commune_23462;54410;19240;35170;401;0;34769;LE PEN;Marine;12484;35.91;MACRON;22285
29;110;29110;Commune_29110;66949;21166;45783;1825;0;43958;LE PEN;Marine;15329;34.87;MACRON;28629
64;226;64226;Commune_64226;26624;10510;16114;526;0;15588;LE PEN;Marine;4978;31.94;MACRON;10610
59;588;59588;Commune_59588;77984;28368;49616;734;0;48882;LE PEN;Marine;13747;28.12;MACRON;35135
57;355;57355;Commune_57355;15867;5154;10713;280;0;10433;LE PEN;Marine;2922;28.01;MACRON;7511
34;275;34275;Commune_34275;58284;14172;44112;886;0;43226;LE PEN;Marine;13571;31.4;MACRON;29655
91;326;91326;Commune_91326;55596;19929;35667;402;0;35265;LE PEN;Marine;8547;24.24;MACRON;26718
09;470;09470;Commune_09470;58361;20748;37613;1448;0;36165;LE PEN;Marine;13301;36.78;MACRON;22864
32;153;32153;Commune_32153;76979;32558;44421;1360;0;43061;LE PEN;Marine;16395;38.07;MACRON;26666
11;382;11382;Commune_11382;46412;9708;36704;1366;0;35338;LE PEN;Marine;11680;33.05;MACRON;23658
32;523;32523;Commune_32523;78616;27982;50634;1388;0;49246;LE PEN;Marine;16075;32.64;MACRON;33171
91;343;91343;Commune_91343;52177;12837;39340;1409;0;37931;LE PEN;Marine;11354;29.94;MACRON;26577
35;268;35268;Commune_35268;38229;12850;25379;344;0;25035;LE PEN;Marine;6765;27.03;MACRON;18270
86;087;86087;Commune_86087;68224;20993;47231;693;0;46538;LE PEN;Marine;13528;29.07;MACRON;33010
47;149;47149;Commune_47149;48146;15664;32482;963;0;31519;LE PEN;Marine;11536;36.6;MACRON;19983
66;567;66567;Commune_66567;18962;4484;14478;484;0;13994;LE PEN;Marine;3238;23.15;MACRON;10756
43;325;43325;Commune_43325;21216;5516;15700;488;0;15212;LE PEN;Marine;5068;33.32;MACRON;10144
25;181;25181;Commune_25181;70720;31645;39075;1124;0;37951;LE PEN;Marine;11701;30.83;MACRON;26250
72;251;72251;Commune_72251;50138;21827;28311;415;0;27896;LE PEN;Marine;6283;22.53;MACRON;21613
95;347;95347;Commune_95347;22831;5575;17256;557;0;16699;LE PEN;Marine;4148;24.84;MACRON;12551
25;322;25322;Commune_25322;60737;12467;48270;1776;0;46494;LE PEN;Marine;15062;32.4;MACRON;31432
73;420;73420;Commune_73420;76670;31954;44716;1625;0;43091;LE PEN;Marine;13114;30.44;MACRON;29977
25;155;25155;Commune_25155;23344;5422;17922;260;0;17662;LE PEN;Marine;4753;26.91;MACRON;12909
67;389;67389;Commune_67389;69511;29251;40260;1518;0;38742;LE PEN;Marine;12875;33.23;MACRON;25867
74;266;74266;Commune_74266;28387;10159;18228;431;0;17797;LE PEN;Marine;6304;35.42;MACRON;11493
42;564;42564;Commune_42564;26298;11016;15282;162;0;15120;LE PEN;Marine;5868;38.81;MACRON;9252
69;095;69095;Commune_69095;74477;17192;57285;2140;0;55145;LE PEN;Marine;17735;32.16;MACRON;37410
26;089;26089;Commune_26089;79615;30163;49452;821;0;48631;LE PEN;Marine;13885;28.55;MACRON;34746
08;277;08277;Commune_08277;68530;23073;45457;462;0;44995;LE PEN;Marine;13920;30.94;MACRON;31075
09;305;09305;Commune_09305;42681;10892;31789;1268;0;30521;LE PEN;Marine;7183;23.54;MACRON;23338
42;414;42414;Commune_42414;65846;23240;42606;928;0;41678;LE PEN;Marine;16319;39.16;MACRON;25359
85;243;85243;Commune_85243;49364;21029;28335;509;0;27826;LE PEN;Marine;10684;38.4;MACRON;17142
12;548;12548;Commune_12548;43276;14803;28473;750;0;27723;LE PEN;Marine;7662;27.64;MACRON;20061
43;285;43285;Commune_43285;47638;11326;36312;608;0;35704;LE PEN;Marine;10028;28.09;MACRON;25676
66;078;66078;Commune_66078;32110;14143;17967;251;0;17716;LE PEN;Marine;4408;24.88;MACRON;13308
19;072;19072;Commune_19072;16798;5164;11634;398;0;11236;LE PEN;Marine;2480;22.08;MACRON;8756
68;584;68584;Commune_68584;22076;6430;15646;345;0;15301;LE PEN;Marine;3971;25.96;MACRON;11330
29;081;29081;Commune_29081;72642;29883;42759;942;0;41817;LE PEN;Marine;10572;25.28;MACRON;31245
77;568;77568;Commune_77568;68910;16022;52888;1301;0;51587;LE PEN;Marine;15478;30.0;MACRON;36109
54;167;54167;Commune_54167;36606;14403;22203;414;0;21789;LE PEN;Marine;6945;31.88;MACRON;14844
51;056;51056;Commune_51056;53388;11765;41623;479;0;41144;LE PEN;Marine;12104;29.42;MACRON;29040
17;183;17183;Commune_17183;23870;10665;13205;204;0;13001;LE PEN;Marine;3134;24.11;MACRON;9867
44;369;44369;Commune_44369;21646;6908;14738;424;0;14314;LE PEN;Marine;4002;27.97;MACRON;10312
81;257;81257;Commune_81257;67706;24413;43293;522;0;42771;LE PEN;Marine;12136;28.37;MACRON;30635
02;471;02471;Commune_02471;21975;8835;13140;144;0;12996;LE PEN;Marine;2964;22.81;MACRON;10032
71;366;71366;Commune_71366;70650;21678;48972;612;0;48360;LE PEN;Marine;11378;23.53;MACRON;36982
46;241;46241;Commune_46241;76255;19057;57198;1415;0;55783;LE PEN;Marine;18069;32.39;MACRON;37714
67;381;67381;Commune_67381;21224;8270;12954;265;0;12689;LE PEN;Marine;2665;21.01;MACRON;10024
62;582;62582;Commune_62582;17239;7472;9767;131;0;9636;LE PEN;Marine;2804;29.1;MACRON;6832
41;247;41247;Commune_41247;62400;18467;43933;1239;0;42694;LE PEN;Marine;14103;33.03;MACRON;28591
29;092;29092;Commune_29092;26449;9426;17023;203;0;16820;LE PEN;Marine;3535;21.02;MACRON;13285
59;245;59245;Commune_59245;78210;24685;53525;1560;0;51965;LE PEN;Marine;15724;30.26;MACRON;36241
14;504;14504;Commune_14504;39858;12428;27430;437;0;26993;LE PEN;Marine;7327;27.15;MACRON;19666
55;131;55131;Commune_55131;24074;5750;18324;642;0;17682;LE PEN;Marine;4118;23.29;MACRON;13564
09;569;09569;Commune_09569;62017;12920;49097;1934;0;47163;LE PEN;Marine;12699;26.93;MACRON;34464
61;353;61353;Commune_61353;42925;17930;24995;525;0;24470;LE PEN;Marine;6023;24.62;MACRON;18447
59;361;59361;Commune_59361;75903;32547;43356;931;0;42425;LE PEN;Marine;12694;29.92;MACRON;29731
08;190;08190;Commune_08190;54020;20782;33238;1281;0;31957;LE PEN;Marine;7771;24.32;MACRON;24186
71;552;71552;Commune_71552;51297;13303;37994;820;0;37174;LE PEN;Marine;8339;22.43;MACRON;28835
39;022;39022;Commune_39022;41753;17413;24340;873;0;23467;LE PEN;Marine;6154;26.23;MACRON;17313
74;179;74179;Commune_74179;45158;19690;25468;533;0;24935;LE PEN;Marine;8902;35.7;MACRON;16033
04;251;04251;Commune_04251;15027;4182;10845;219;0;10626;LE PEN;Marine;2491;23.45;MACRON;8135
17;286;17286;Commune_17286;79200;29347;49853;864;0;48989;LE PEN;Marine;7551;15.41;MACRON;41438
46;285;46285;Commune_46285;19310;8664;10646;277;0;10369;LE PEN;Marine;2605;25.12;MACRON;7764
18;089;18089;Commune_18089;17488;6613;10875;317;0;10558;LE PEN;Marine;2752;26.07;MACRON;7806
31;136;31136;Commune_31136;22581;6068;16513;295;0;16218;LE PEN;Marine;4490;27.69;MACRON;11728
62;058;62058;Commune_62058;32898;12774;20124;778;0;19346;LE PEN;Marine;7082;36.61;MACRON;12264
14;343;14343;Commune_14343;36397;14646;21751;337;0;21414;LE PEN;Marine;8877;41.46;MACRON;12537
64;211;64211;Commune_64211;25537;10284;15253;224;0;15029;LE PEN;Marine;4075;27.12;MACRON;10954
10;339;10339;Commune_10339;43927;18715;25212;736;0;24476;LE PEN;Marine;6516;26.63;MACRON;17960
17;354;17354;Commune_17354;32262;9275;22987;763;0;22224;LE PEN;Marine;5589;25.15;MACRON;16635
55;421;55421;Commune_55421;54785;20184;34601;1299;0;33302;LE PEN;Marine;7827;23.5;MACRON;25475
74;328;74328;Commune_74328;68085;16942;51143;1617;0;49526;LE PEN;Marine;12841;25.93;MACRON;36685
16;389;16389;Commune_16389;62658;22582;40076;741;0;39335;LE PEN;Marine;14645;37.23;MACRON;24690
28;352;28352;Commune_28352;69835;29732;40103;943;0;39160;LE PEN;Marine;13995;35.74;MACRON;25165
88;391;88391;Commune_88391;42463;18651;23812;240;0;23572;LE PEN;Marine;6491;27.54;MACRON;17081
2B;216;2B216;Commune_2B216;34661;9625;25036;672;0;24364;LE PEN;Marine;7668;31.48;MACRON;16696
55;190;55190;Commune_55190;75547;27554;47993;1301;0;46692;LE PEN;Marine;14333;30.7;MACRON;32359
42;148;42148;Commune_42148;33131;9506;23625;663;0;22962;LE PEN;Marine;6029;26.26;MACRON;16933
33;472;33472;Commune_33472;72952;24436;48516;988;0;47528;LE PEN;Marine;12045;25.34;MACRON;35483
57;206;57206;Commune_57206;15581;3191;12390;281;0;12109;LE PEN;Marine;2836;23.43;MACRON;9273
55;329;55329;Commune_55329;60405;21260;39145;894;0;38251;LE PEN;Marine;10613;27.75;MACRON;27638
28;118;28118;Commune_28118;65935;13342;52593;1641;0;50952;LE PEN;Marine;11943;23.44;MACRON;39009
03;259;03259;Commune_03259;42660;15367;27293;577;0;26716;LE PEN;Marine;7672;28.72;MACRON;19044
15;318;15318;Commune_15318;79551;35068;44483;1149;0;43334;LE PEN;Marine;12017;27.73;MACRON;31317
91;375;91375;Commune_91375;43001;10628;32373;965;0;31408;LE PEN;Marine;5879;18.72;MACRON;25529
39;316;39316;Commune_39316;59554;15960;43594;1376;0;42218;LE PEN;Marine;11523;27.3;MACRON;30695
45;217;45217;Commune_45217;27897;10723;17174;492;0;16682;LE PEN;Marine;6139;36.8;MACRON;10543
44;577;44577;Commune_44577;65799;15796;50003;704;0;49299;LE PEN;Marine;17006;34.5;MACRON;32293
73;308;73308;Commune_73308;54711;21955;32756;805;0;31951;LE PEN;Marine;7597;23.78;MACRON;24354
07;485;07485;Commune_07485;65018;22503;42515;1430;0;41085;LE PEN;Marine;12158;29.59;MACRON;28927
08;442;08442;Commune_08442;17869;7377;10492;249;0;10243;LE PEN;Marine;3502;34.19;MACRON;6741
26;335;26335;Commune_26335;77698;25137;52561;1311;0;51250;LE PEN;Marine;14513;28.32;MACRON;36737
46;531;46531;Commune_46531;79335;24618;54717;852;0;53865;LE PEN;Marine;12750;23.67;MACRON;41115
63;077;63077;Commune_63077;33753;9474;24279;531;0;23748;LE PEN;Marine;7296;30.72;MACRON;16452
46;552;46552;Commune_46552;24565;9274;15291;167;0;15124;LE PEN;Marine;5411;35.78;MACRON;9713
42;510;42510;Commune_42510;24497;10826;13671;444;0;13227;LE PEN;Marine;3824;28.91;MACRON;9403
89;302;89302;Commune_89302;69993;24813;45180;1263;0;43917;LE PEN;Marine;11649;26.53;MACRON;32268
15;440;15440;Commune_15440;73689;30298;43391;1128;0;42263;LE PEN;Marine;12848;30.4;MACRON;29415
54;312;54312;Commune_54312;31099;8587;22512;357;0;22155;LE PEN;Marine;6450;29.12;MACRON;15705
51;161;51161;Commune_51161;50090;16973;33117;545;0;32572;LE PEN;Marine;10102;31.02;MACRON;22470
45;480;45480;Commune_45480;43363;13388;29975;430;0;29545;LE PEN;Marine;8118;27.48;MACRON;21427
77;148;77148;Commune_77148;51811;21846;29965;736;0;29229;LE PEN;Marine;8833;30.22;MACRON;20396
25;189;25189;Commune_25189;48133;17911;30222;712;0;29510;LE PEN;Marine;8054;27.29;MACRON;21456
90;312;90312;Commune_90312;45509;10150;35359;873;0;34486;LE PEN;Marine;10910;31.64;MACRON;23576
31;502;31502;Commune_31502;43193;10599;32594;546;0;32048;LE PEN;Marine;7945;24.79;MACRON;24103
51;230;51230;Commune_51230;43497;18758;24739;559;0;24180;LE PEN;Marine;8940;36.97;MACRON;15240
49;296;49296;Commune_49296;37885;10715;27170;954;0;26216;LE PEN;Marine;8086;30.85;MACRON;18130
81;025;81025;Commune_81025;47246;13701;33545;513;0;33032;LE PEN;Marine;11483;34.77;MACRON;21549
41;070;41070;Commune_41070;51784;22822;28962;977;0;27985;LE PEN;Marine;8359;29.87;MACRON;19626
27;034;27034;Commune_27034;24281;10374;13907;530;0;13377;LE PEN;Marine;4280;32.0;MACRON;9097
03;044;03044;Commune_03044;25857;5408;20449;582;0;19867;LE PEN;Marine;6941;34.94;MACRON;12926
34;521;34521;Commune_34521;30506;7373;23133;373;0;22760;LE PEN;Marine;6839;30.05;MACRON;15921
78;505;78505;Commune_78505;39611;13573;26038;539;0;25499;LE PEN;Marine;6907;27.09;MACRON;18592
01;493;01493;Commune_01493;34176;7521;26655;787;0;25868;LE PEN;Marine;7966;30.8;MACRON;17902
85;034;85034;Commune_85034;74325;31389;42936;1050;0;41886;LE PEN;Marine;10094;24.1;MACRON;31792
51;047;51047;Commune_51047;61373;14041;47332;669;0;46663;LE PEN;Marine;12123;25.98;MACRON;34540
14;169;14169;Commune_14169;30946;13506;17440;542;0;16898;LE PEN;Marine;6132;36.29;MACRON;10766
29;339;29339;Commune_29339;61827;14864;46963;574;0;46389;LE PEN;Marine;15631;33.7;MACRON;30758
52;201;52201;Commune_52201;44463;11104;33359;370;0;32989;LE PEN;Marine;7537;22.85;MACRON;25452
30;293;30293;Commune_30293;25970;8692;17278;287;0;16991;LE PEN;Marine;4875;28.69;MACRON;12116
11;104;11104;Commune_11104;16824;5074;11750;126;0;11624;LE PEN;Marine;3074;26.45;MACRON;8550
62;438;62438;Commune_62438;19510;5233;14277;232;0;14045;LE PEN;Marine;4379;31.18;MACRON;9666
63;189;63189;Commune_63189;17300;4946;12354;401;0;11953;LE PEN;Marine;3966;33.18;MACRON;7987
12;040;12040;Commune_12040;42448;10933;31515;568;0;30947;LE PEN;Marine;9237;29.85;MACRON;21710
27;445;27445;Commune_27445;18856;6649;12207;153;0;12054;LE PEN;Marine;3081;25.56;MACRON;8973
23;541;23541;Commune_23541;79809;24727;55082;1384;0;53698;LE PEN;Marine;13270;24.71;MACRON;40428
62;009;62009;Commune_62009;69510;14449;55061;1103;0;53958;LE PEN;Marine;13326;24.7;MACRON;40632
68;262;68262;Commune_68262;39155;10575;28580;1081;0;27499;LE PEN;Marine;8157;29.67;MACRON;19342
68;496;68496;Commune_68496;72900;16261;56639;2250;0;54389;LE PEN;Marine;15260;28.06;MACRON;39129
89;423;89423;Commune_89423;56801;14257;42544;1452;0;41092;LE PEN;Marine;11816;28.76;MACRON;29276
72;514;72514;Commune_72514;23558;6807;16751;307;0;16444;LE PEN;Marine;4445;27.03;MACRON;11999
30;249;30249;Commune_30249;43244;17250;25994;649;0;25345;LE PEN;Marine;6434;25.39;MACRON;18911
11;223;11223;Commune_11223;77734;24846;52888;785;0;52103;LE PEN;Marine;14094;27.05;MACRON;38009
58;425;58425;Commune_58425;37013;15834;21179;652;0;20527;LE PEN;Marine;6709;32.68;MACRON;13818
87;093;87093;Commune_87093;61964;14738;47226;967;0;46259;LE PEN;Marine;5888;12.73;MACRON;40371
95;144;95144;Commune_95144;17303;7109;10194;360;0;9834;LE PEN;Marine;2790;28.38;MACRON;7044
22;360;22360;Commune_22360;61112;12956;48156;702;0;47454;LE PEN;Marine;8959;18.88;MACRON;38495
22;401;22401;Commune_22401;24030;7775;16255;421;0;15834;LE PEN;Marine;4072;25.72;MACRON;11762
04;072;04072;Commune_04072;59970;16395;43575;1074;0;42501;LE PEN;Marine;12840;30.21;MACRON;29661
14;305;14305;Commune_14305;56714;22248;34466;736;0;33730;LE PEN;Marine;8654;25.66;MACRON;25076
52;219;52219;Commune_52219;54021;12625;41396;550;0;40846;LE PEN;Marine;10648;26.07;MACRON;30198
51;301;51301;Commune_51301;54562;22040;32522;1151;0;31371;LE PEN;Marine;10338;32.96;MACRON;21033
35;575;35575;Commune_35575;53842;16435;37407;826;0;36581;LE PEN;Marine;9122;24.94;MACRON;27459
29;046;29046;Commune_29046;19448;6628;12820;496;0;12324;LE PEN;Marine;2423;19.66;MACRON;9901
79;597;79597;Commune_79597;31238;10081;21157;509;0;20648;LE PEN;Marine;7605;36.83;MACRON;13043
43;270;43270;Commune_43270;69927;24841;45086;1028;0;44058;LE PEN;Marine;10051;22.81;MACRON;34007
77;463;77463;Commune_77463;63507;23229;40278;585;0;39693;LE PEN;Marine;13623;34.32;MACRON;26070
91;255;91255;Commune_91255;52949;12271;40678;1511;0;39167;LE PEN;Marine;10310;26.32;MACRON;28857
30;187;30187;Commune_30187;61397;14109;47288;1113;0;46175;LE PEN;Marine;11928;25.83;MACRON;34247
19;462;19462;Commune_19462;41778;12138;29640;1145;0;28495;LE PEN;Marine;7290;25.59;MACRON;21205
90;412;90412;Commune_90412;33464;8977;24487;608;0;23879;LE PEN;Marine;7438;31.15;MACRON;16441
60;087;60087;Commune_60087;63076;16203;46873;1761;0;45112;LE PEN;Marine;12153;26.94;MACRON;32959
28;423;28423;Commune_28423;59772;15493;44279;1018;0;43261;LE PEN;Marine;11106;25.67;MACRON;32155
58;452;58452;Commune_58452;65808;21390;44418;881;0;43537;LE PEN;Marine;12124;27.85;MACRON;31413
48;233;48233;Commune_48233;32784;7026;25758;650;0;25108;LE PEN;Marine;7157;28.51;MACRON;17951
86;555;86555;Commune_86555;69275;25144;44131;1287;0;42844;LE PEN;Marine;10234;23.89;MACRON;32610
24;384;24384;Commune_24384;45683;14618;31065;430;0;30635;LE PEN;Marine;13162;42.96;MACRON;17473
2B;117;2B117;Commune_2B117;76407;27526;48881;1123;0;47758;LE PEN;Marine;12735;26.67;MACRON;35023
89;007;89007;Commune_89007;71498;28498;43000;1143;0;41857;LE PEN;Marine;13059;31.2;MACRON;28798
17;405;17405;Commune_17405;22930;5268;17662;203;0;17459;LE PEN;Marine;5496;31.48;MACRON;11963
16;126;16126;Commune_16126;60633;12531;48102;1496;0;46606;LE PEN;Marine;9956;21.36;MACRON;36650
50;454;50454;Commune_50454;69813;27848;41965;792;0;41173;LE PEN;Marine;10657;25.89;MACRON;30516
05;315;05315;Commune_05315;33479;7736;25743;482;0;25261;LE PEN;Marine;6061;24.0;MACRON;19200
28;280;28280;Commune_28280;68361;18702;49659;1795;0;47864;LE PEN;Marine;14185;29.64;MACRON;33679
41;099;41099;Commune_41099;45083;12865;32218;1050;0;31168;LE PEN;Marine;7444;23.88;MACRON;23724
95;427;95427;Commune_95427;54752;12629;42123;769;0;41354;LE PEN;Marine;13707;33.15;MACRON;27647
2B;058;2B058;Commune_2B058;26266;10977;15289;600;0;14689;LE PEN;Marine;3214;21.88;MACRON;11475
15;251;15251;Commune_15251;40577;16874;23703;682;0;23021;LE PEN;Marine;4853;21.09;MACRON;18168
84;501;84501;Commune_84501;28106;10408;17698;247;0;17451;LE PEN;Marine;6030;34.56;MACRON;11421
09;552;09552;Commune_09552;39516;10285;29231;987;0;28244;LE PEN;Marine;6821;24.15;MACRON;21423
70;593;70593;Commune_70593;54072;22231;31841;850;0;30991;LE PEN;Marine;8898;28.71;MACRON;22093
80;574;80574;Commune_80574;50063;20513;29550;479;0;29071;LE PEN;Marine;8546;29.4;MACRON;20525
84;334;84334;Commune_84334;67889;30510;37379;962;0;36417;LE PEN;Marine;8128;22.32;MACRON;28289
21;121;21121;Commune_21121;24871;6689;18182;706;0;17476;LE PEN;Marine;3693;21.13;MACRON;13783
85;503;85503;Commune_85503;27654;11002;16652;490;0;16162;LE PEN;Marine;4398;27.22;MACRON;11764
11;481;11481;Commune_11481;23455;10450;13005;425;0;12580;LE PEN;Marine;3183;25.3;MACRON;9397
49;594;49594;Commune_49594;28769;9825;18944;727;0;18217;LE PEN;Marine;5956;32.7;MACRON;12261
44;390;44390;Commune_44390;48828;20051;28777;676;0;28101;LE PEN;Marine;6778;24.12;MACRON;21323
30;085;30085;Commune_30085;49728;19856;29872;1085;0;28787;LE PEN;Marine;8386;29.13;MACRON;20401
03;302;03302;Commune_03302;54928;20032;34896;901;0;33995;LE PEN;Marine;9072;26.69;MACRON;24923
72;269;72269;Commune_72269;59908;16932;42976;1439;0;41537;LE PEN;Marine;10755;25.89;MACRON;30782
32;505;32505;Commune_32505;31875;14165;17710;237;0;17473;LE PEN;Marine;4899;28.04;MACRON;12574
62;236;62236;Commune_62236;20209;7099;13110;314;0;12796;LE PEN;Marine;4334;33.87;MACRON;8462
39;197;39197;Commune_39197;75276;26137;49139;1142;0;47997;LE PEN;Marine;12736;26.54;MACRON;35261
35;048;35048;Commune_35048;23870;10091;13779;516;0;13263;LE PEN;Marine;3724;28.08;MACRON;9539
09;453;09453;Commune_09453;48851;17238;31613;796;0;30817;LE PEN;Marine;7257;23.55;MACRON;23560
69;025;69025;Commune_69025;53944;20038;33906;1208;0;32698;LE PEN;Marine;4919;15.05;MACRON;27779
70;260;70260;Commune_70260;30912;10086;20826;777;0;20049;LE PEN;Marine;4693;23.41;MACRON;15356
36;288;36288;Commune_36288;52375;12597;39778;1367;0;38411;LE PEN;Marine;10321;26.87;MACRON;28090
25;282;25282;Commune_25282;70403;28987;41416;1271;0;40145;LE PEN;Marine;11686;29.11;MACRON;28459
01;551;01551;Commune_01551;29664;9874;19790;603;0;19187;LE PEN;Marine;6706;34.95;MACRON;12481
89;091;89091;Commune_89091;38675;14549;24126;447;0;23679;LE PEN;Marine;6009;25.38;MACRON;17670
90;184;90184;Commune_90184;64440;21091;43349;789;0;42560;LE PEN;Marine;8893;20.9;MACRON;33667
23;109;23109;Commune_23109;32216;8484;23732;573;0;23159;LE PEN;Marine;8011;34.59;MACRON;15148
03;147;03147;Commune_03147;58374;15706;42668;1080;0;41588;LE PEN;Marine;13472;32.39;MACRON;28116
12;544;12544;Commune_12544;20948;8249;12699;408;0;12291;LE PEN;Marine;3990;32.47;MACRON;8301
07;564;07564;Commune_07564;61336;16636;44700;804;0;43896;LE PEN;Marine;10488;23.9;MACRON;33408
79;027;79027;Commune_79027;17746;4192;13554;237;0;13317;LE PEN;Marine;3454;25.94;MACRON;9863
84;379;84379;Commune_84379;51138;13603;37535;1449;0;36086;LE PEN;Marine;8477;23.49;MACRON;27609
15;140;15140;Commune_15140;65894;23038;42856;1209;0;41647;LE PEN;Marine;9073;21.79;MACRON;32574
70;116;70116;Commune_70116;71305;14408;56897;1539;0;55358;LE PEN;Marine;9649;17.43;MACRON;45709
17;175;17175;Commune_17175;52421;22995;29426;991;0;28435;LE PEN;Marine;7689;27.04;MACRON;20746
35;117;35117;Commune_35117;22476;7734;14742;256;0;14486;LE PEN;Marine;4166;28.76;MACRON;10320
56;294;56294;Commune_56294;42474;11072;31402;752;0;30650;LE PEN;Marine;7248;23.65;MACRON;23402
67;597;67597;Commune_67597;37598;8756;28842;924;0;27918;LE PEN;Marine;5688;20.37;MACRON;22230
83;352;83352;Commune_83352;15281;3483;11798;208;0;11590;LE PEN;Marine;1771;15.29;MACRON;9819
05;434;05434;Commune_05434;78310;22337;55973;594;0;55379;LE PEN;Marine;19001;34.31;MACRON;36378
19;296;19296;Commune_19296;32602;12544;20058;600;0;19458;LE PEN;Marine;5436;27.94;MACRON;14022
27;009;27009;Commune_27009;79421;18880;60541;896;0;59645;LE PEN;Marine;15985;26.8;MACRON;43660
29;051;29051;Commune_29051;36123;16145;19978;464;0;19514;LE PEN;Marine;6407;32.84;MACRON;13107
2B;094;2B094;Commune_2B094;70112;23277;46835;993;0;45842;LE PEN;Marine;16546;36.1;MACRON;29296
73;146;73146;Commune_73146;30203;6684;23519;465;0;23054;LE PEN;Marine;6550;28.42;MACRON;16504
30;504;30504;Commune_30504;53115;16210;36905;1340;0;35565;LE PEN;Marine;8436;23.72;MACRON;27129
95;506;95506;Commune_95506;74736;32871;41865;1602;0;40263;LE PEN;Marine;14399;35.76;MACRON;25864
47;512;47512;Commune_47512;65244;28599;36645;1013;0;35632;LE PEN;Marine;7542;21.17;MACRON;28090
47;382;47382;Commune_47382;72774;18442;54332;785;0;53547;LE PEN;Marine;14104;26.34;MACRON;39443
41;334;41334;Commune_41334;52397;21230;31167;1014;0;30153;LE PEN;Marine;9623;31.91;MACRON;20530
14;389;14389;Commune_14389;28292;9412;18880;603;0;18277;LE PEN;Marine;5019;27.46;MACRON;13258
88;244;88244;Commune_88244;24717;7099;17618;287;0;17331;LE PEN;Marine;4586;26.46;MACRON;12745
02;402;02402;Commune_02402;37128;7714;29414;690;0;28724;LE PEN;Marine;8439;29.38;MACRON;20285
17;476;17476;Commune_17476;34757;15255;19502;323;0;19179;LE PEN;Marine;5129;26.75;MACRON;14050
22;457;22457;Commune_22457;21527;4309;17218;328;0;16890;LE PEN;Marine;3974;23.53;MACRON;12916
26;368;26368;Commune_26368;37258;16521;20737;526;0;20211;LE PEN;Marine;5755;28.48;MACRON;14456
13;035;13035;Commune_13035;30126;11493;18633;741;0;17892;LE PEN;Marine;3895;21.77;MACRON;13997
02;435;02435;Commune_02435;20434;5596;14838;170;0;14668;LE PEN;Marine;4385;29.9;MACRON;10283
64;220;64220;Commune_64220;47585;19372;28213;386;0;27827;LE PEN;Marine;6644;23.88;MACRON;21183
95;446;95446;Commune_95446;44164;13393;30771;774;0;29997;LE PEN;Marine;8651;28.84;MACRON;21346
12;324;12324;Commune_12324;75211;17068;58143;1011;0;57132;LE PEN;Marine;10168;17.8;MACRON;46964
28;528;28528;Commune_28528;63286;13876;49410;1261;0;48149;LE PEN;Marine;13706;28.47;MACRON;34443
48;203;48203;Commune_48203;58414;13935;44479;492;0;43987;LE PEN;Marine;10048;22.84;MACRON;33939
88;558;88558;Commune_88558;31824;9870;21954;694;0;21260;LE PEN;Marine;5178;24.36;MACRON;16082
65;506;65506;Commune_65506;76448;17899;58549;1007;0;57542;LE PEN;Marine;16747;29.1;MACRON;40795
72;199;72199;Commune_72199;33198;7969;25229;311;0;24918;LE PEN;Marine;7587;30.45;MACRON;17331
55;290;55290;Commune_55290;67191;23837;43354;1544;0;41810;LE PEN;Marine;16040;38.37;MACRON;25770
39;319;39319;Commune_39319;25395;10510;14885;539;0;14346;LE PEN;Marine;3469;24.19;MACRON;10877
19;461;19461;Commune_19461;58036;19551;38485;792;0;37693;LE PEN;Marine;10925;28.98;MACRON;26768
82;413;82413;Commune_82413;29932;12586;17346;664;0;16682;LE PEN;Marine;4397;26.36;MACRON;12285
76;511;76511;Commune_76511;53865;14944;38921;1060;0;37861;LE PEN;Marine;8462;22.35;MACRON;29399
03;222;03222;Commune_03222;43481;14113;29368;836;0;28532;LE PEN;Marine;8521;29.87;MACRON;20011
67;303;67303;Commune_67303;63922;17590;46332;1203;0;45129;LE PEN;Marine;14092;31.23;MACRON;31037
08;259;08259;Commune_08259;73392;21189;52203;1471;0;50732;LE PEN;Marine;10580;20.86;MACRON;40152
69;545;69545;Commune_69545;38253;11240;27013;629;0;26384;LE PEN;Marine;6880;26.08;MACRON;19504
78;183;78183;Commune_78183;43152;11246;31906;1246;0;30660;LE PEN;Marine;10773;35.14;MACRON;19887
13;352;13352;Commune_13352;15906;3895;12011;336;0;11675;LE PEN;Marine;3784;32.42;MACRON;7891
41;072;41072;Commune_41072;77391;20329;57062;875;0;56187;LE PEN;Marine;19710;35.08;MACRON;36477
12;510;12510;Commune_12510;37338;14401;22937;231;0;22706;LE PEN;Marine;6088;26.82;MACRON;16618
53;231;53231;Commune_53231;46136;9611;36525;1311;0;35214;LE PEN;Marine;11409;32.4;MACRON;23805
88;205;88205;Commune_88205;36366;14055;22311;686;0;21625;LE PEN;Marine;3928;18.17;MACRON;17697
08;350;08350;Commune_08350;48390;16516;31874;1086;0;30788;LE PEN;Marine;9122;29.63;MACRON;21666
37;299;37299;Commune_37299;79148;28710;50438;874;0;49564;LE PEN;Marine;11038;22.27;MACRON;38526
95;508;95508;Commune_95508;79968;30641;49327;631;0;48696;LE PEN;Marine;15645;32.13;MACRON;33051
28;319;28319;Commune_28319;20288;9042;11246;151;0;11095;LE PEN;Marine;2948;26.58;MACRON;8147
13;310;13310;Commune_13310;40613;15518;25095;371;0;24724;LE PEN;Marine;7962;32.21;MACRON;16762
46;063;46063;Commune_46063;68587;29054;39533;1422;0;38111;LE PEN;Marine;7735;20.3;MACRON;30376
48;014;48014;Commune_48014;62590;24706;37884;502;0;37382;LE PEN;Marine;10256;27.44;MACRON;27126
62;239;62239;Commune_62239;34796;9437;25359;448;0;24911;LE PEN;Marine;5977;23.99;MACRON;18934
90;550;90550;Commune_90550;15656;5052;10604;141;0;10463;LE PEN;Marine;3122;29.84;MACRON;7341
49;377;49377;Commune_49377;26818;11228;15590;348;0;15242;LE PEN;Marine;4629;30.37;MACRON;10613
27;378;27378;Commune_27378;79044;18741;60303;1046;0;59257;LE PEN;Marine;19043;32.14;MACRON;40214
91;235;91235;Commune_91235;16075;3985;12090;220;0;11870;LE PEN;Marine;2720;22.92;MACRON;9150
88;107;88107;Commune_88107;32353;14536;17817;406;0;17411;LE PEN;Marine;4427;25.43;MACRON;12984
47;006;47006;Commune_47006;55140;12272;42868;1254;0;41614;LE PEN;Marine;8419;20.23;MACRON;33195
03;203;03203;Commune_03203;15814;4812;11002;176;0;10826;LE PEN;Marine;2243;20.72;MACRON;8583
56;190;56190;Commune_56190;39436;11070;28366;335;0;28031;LE PEN;Marine;9139;32.6;MACRON;18892
52;115;52115;Commune_52115;60496;13902;46594;1275;0;45319;LE PEN;Marine;14268;31.48;MACRON;31051
14;156;14156;Commune_14156;29556;11358;18198;248;0;17950;LE PEN;Marine;5029;28.02;MACRON;12921
59;015;59015;Commune_59015;66510;18250;48260;1631;0;46629;LE PEN;Marine;10251;21.98;MACRON;36378
80;365;80365;Commune_80365;18521;8225;10296;355;0;9941;LE PEN;Marine;3685;37.07;MACRON;6256
10;556;10556;Commune_10556;40092;15976;24116;486;0;23630;LE PEN;Marine;7316;30.96;MACRON;16314
68;414;68414;Commune_68414;62833;26705;36128;439;0;35689;LE PEN;Marine;9353;26.21;MACRON;26336
14;269;14269;Commune_14269;55835;24767;31068;1165;0;29903;LE PEN;Marine;9416;31.49;MACRON;20487
70;252;70252;Commune_70252;26219;7469;18750;743;0;18007;LE PEN;Marine;4111;22.83;MACRON;13896
39;185;39185;Commune_39185;35239;9960;25279;651;0;24628;LE PEN;Marine;8032;32.61;MACRON;16596
01;086;01086;Commune_01086;33917;12067;21850;611;0;21239;LE PEN;Marine;7159;33.71;MACRON;14080
91;359;91359;Commune_91359;48859;10276;38583;1297;0;37286;LE PEN;Marine;12629;33.87;MACRON;24657
16;340;16340;Commune_16340;31280;11477;19803;722;0;19081;LE PEN;Marine;6034;31.62;MACRON;13047
56;005;56005;Commune_56005;42574;17714;24860;882;0;23978;LE PEN;Marine;7008;29.23;MACRON;16970
17;249;17249;Commune_17249;75769;20541;55228;1888;0;53340;LE PEN;Marine;11353;21.29;MACRON;41987
88;167;88167;Commune_88167;31579;10445;21134;333;0;20801;LE PEN;Marine;6062;29.15;MACRON;14739
69;102;69102;Commune_69102;72630;26011;46619;914;0;45705;LE PEN;Marine;11129;24.35;MACRON;34576
76;422;76422;Commune_76422;69909;22546;47363;1091;0;46272;LE PEN;Marine;11204;24.21;MACRON;35068
41;315;41315;Commune_41315;56704;23572;33132;764;0;32368;LE PEN;Marine;7332;22.65;MACRON;25036
44;380;44380;Commune_44380;59398;13488;45910;508;0;45402;LE PEN;Marine;7093;15.62;MACRON;38309
59;428;59428;Commune_59428;21544;6138;15406;564;0;14842;LE PEN;Marine;4350;29.31;MACRON;10492
73;589;73589;Commune_73589;44726;13488;31238;1085;0;30153;LE PEN;Marine;8510;28.22;MACRON;21643
80;481;80481;Commune_80481;50298;18198;32100;1228;0;30872;LE PEN;Marine;7740;25.07;MACRON;23132
02;372;02372;Commune_02372;29474;6735;22739;608;0;22131;LE PEN;Marine;9013;40.73;MACRON;13118
62;527;62527;Commune_62527;44786;15104;29682;349;0;29333;LE PEN;Marine;8007;27.3;MACRON;21326
11;287;11287;Commune_11287;45906;10417;35489;1225;0;34264;LE PEN;Marine;12098;35.31;MACRON;22166
27;590;27590;Commune_27590;38968;14814;24154;490;0;23664;LE PEN;Marine;6187;26.15;MACRON;17477
79;457;79457;Commune_79457;44656;18721;25935;820;0;25115;LE PEN;Marine;7038;28.02;MACRON;18077
24;390;24390;Commune_24390;52188;20431;31757;911;0;30846;LE PEN;Marine;8317;26.97;MACRON;22529
76;542;76542;Commune_76542;51183;10503;40680;556;0;40124;LE PEN;Marine;7405;18.46;MACRON;32719
44;309;44309;Commune_44309;37229;12154;25075;376;0;24699;LE PEN;Marine;8363;33.86;MACRON;16336
22;432;22432;Commune_22432;44801;14207;30594;862;0;29732;LE PEN;Marine;6725;22.62;MACRON;23007
32;171;32171;Commune_32171;42926;17657;25269;901;0;24368;LE PEN;Marine;8570;35.17;MACRON;15798
50;577;50577;Commune_50577;25227;9389;15838;457;0;15381;LE PEN;Marine;4001;26.01;MACRON;11380
72;374;72374;Commune_72374;17494;4203;13291;427;0;12864;LE PEN;Marine;4006;31.14;MACRON;8858
57;469;57469;Commune_57469;55740;13370;42370;1218;0;41152;LE PEN;Marine;10360;25.18;MACRON;30792
88;276;88276;Commune_88276;38440;13516;24924;532;0;24392;LE PEN;Marine;7428;30.45;MACRON;16964
82;520;82520;Commune_82520;44214;15272;28942;401;0;28541;LE PEN;Marine;8171;28.63;MACRON;20370
71;045;71045;Commune_71045;36062;12717;23345;257;0;23088;LE PEN;Marine;6316;27.36;MACRON;16772
57;069;57069;Commune_57069;42557;16224;26333;857;0;25476;LE PEN;Marine;6729;26.41;MACRON;18747
27;304;27304;Commune_27304;19704;4896;14808;389;0;14419;LE PEN;Marine;3696;25.64;MACRON;10723
39;439;39439;Commune_39439;52566;12431;40135;1359;0;38776;LE PEN;Marine;13299;34.3;MACRON;25477
12;485;12485;Commune_12485;45054;9270;35784;373;0;35411;LE PEN;Marine;6136;17.33;MACRON;29275
35;264;35264;Commune_35264;21388;6434;14954;505;0;14449;LE PEN;Marine;4561;31.57;MACRON;9888
88;390;88390;Commune_88390;40589;12192;28397;592;0;27805;LE PEN;Marine;7856;28.25;MACRON;19949
40;332;40332;Commune_40332;36573;15904;20669;211;0;20458;LE PEN;Marine;6157;30.1;MACRON;14301
11;576;11576;Commune_11576;77381;32918;44463;1259;0;43204;LE PEN;Marine;13370;30.95;MACRON;29834
61;392;61392;Commune_61392;21166;6743;14423;341;0;14082;LE PEN;Marine;3140;22.3;MACRON;10942
91;250;91250;Commune_91250;22308;9945;12363;224;0;12139;LE PEN;Marine;3496;28.8;MACRON;8643
82;581;82581;Commune_82581;59974;15333;44641;1665;0;42976;LE PEN;Marine;9941;23.13;MACRON;33035
26;065;26065;Commune_26065;46224;19860;26364;895;0;25469;LE PEN;Marine;7017;27.55;MACRON;18452
43;590;43590;Commune_43590;43491;9947;33544;751;0;32793;LE PEN;Marine;9989;30.46;MACRON;22804
50;093;50093;Commune_50093;73328;32192;41136;1140;0;39996;LE PEN;Marine;12248;30.62;MACRON;27748
24;173;24173;Commune_24173;30818;6859;23959;726;0;23233;LE PEN;Marine;6893;29.67;MACRON;16340
25;493;25493;Commune_25493;57883;16745;41138;1438;0;39700;LE PEN;Marine;13773;34.69;MACRON;25927
23;440;23440;Commune_23440;35621;11793;23828;824;0;23004;LE PEN;Marine;8248;35.86;MACRON;14756
2B;339;2B339;Commune_2B339;32415;11763;20652;567;0;20085;LE PEN;Marine;4839;24.1;MACRON;15246
70;450;70450;Commune_70450;40474;13512;26962;1059;0;25903;LE PEN;Marine;7960;30.73;MACRON;17943
80;382;80382;Commune_80382;18497;6543;11954;261;0;11693;LE PEN;Marine;2586;22.12;MACRON;9107
77;208;77208;Commune_77208;48565;15202;33363;688;0;32675;LE PEN;Marine;5815;17.8;MACRON;26860
91;003;91003;Commune_91003;47622;16898;30724;661;0;30063;LE PEN;Marine;9110;30.3;MACRON;20953
10;075;10075;Commune_10075;61988;18334;43654;516;0;43138;LE PEN;Marine;13780;31.95;MACRON;29358
83;179;83179;Commune_83179;52525;17006;35519;837;0;34682;LE PEN;Marine;9998;28.83;MACRON;24684
07;025;07025;Commune_07025;57598;15563;42035;1376;0;40659;LE PEN;Marine;7958;19.57;MACRON;32701
45;305;45305;Commune_45305;30680;10932;19748;391;0;19357;LE PEN;Marine;5060;26.14;MACRON;14297
56;466;56466;Commune_56466;70006;19001;51005;1400;0;49605;LE PEN;Marine;13141;26.49;MACRON;36464
34;577;34577;Commune_34577;24313;7565;16748;555;0;16193;LE PEN;Marine;5616;34.68;MACRON;10577
14;294;14294;Commune_14294;56067;22567;33500;893;0;32607;LE PEN;Marine;10028;30.76;MACRON;22579
18;525;18525;Commune_18525;76878;26768;50110;1499;0;48611;LE PEN;Marine;15067;31.0;MACRON;33544
78;591;78591;Commune_78591;25276;8259;17017;363;0;16654;LE PEN;Marine;4324;25.96;MACRON;12330
30;516;30516;Commune_30516;16371;4204;12167;313;0;11854;LE PEN;Marine;2274;19.18;MACRON;9580
29;279;29279;Commune_29279;72523;15411;57112;1298;0;55814;LE PEN;Marine;14672;26.29;MACRON;41142
87;195;87195;Commune_87195;70502;28766;41736;775;0;40961;LE PEN;Marine;11881;29.01;MACRON;29080
14;586;14586;Commune_14586;66224;24204;42020;553;0;41467;LE PEN;Marine;10995;26.52;MACRON;30472
87;145;87145;Commune_87145;62257;25024;37233;1080;0;36153;LE PEN;Marine;14359;39.72;MACRON;21794
87;247;87247;Commune_87247;47617;19165;28452;389;0;28063;LE PEN;Marine;11051;39.38;MACRON;17012
56;045;56045;Commune_56045;16627;4747;11880;452;0;11428;LE PEN;Marine;2211;19.35;MACRON;9217
16;476;16476;Commune_16476;77990;25544;52446;577;0;51869;LE PEN;Marine;12283;23.68;MACRON;39586
15;390;15390;Commune_15390;64939;20159;44780;467;0;44313;LE PEN;Marine;11045;24.93;MACRON;33268
27;051;27051;Commune_27051;52334;12283;40051;1145;0;38906;LE PEN;Marine;10621;27.3;MACRON;28285
54;133;54133;Commune_54133;20885;6820;14065;401;0;13664;LE PEN;Marine;3446;25.22;MACRON;10218
15;333;15333;Commune_15333;63404;24451;38953;1527;0;37426;LE PEN;Marine;14130;37.76;MACRON;23296
43;324;43324;Commune_43324;32556;13330;19226;224;0;19002;LE PEN;Marine;4593;24.18;MACRON;14409
51;160;51160;Commune_51160;41046;11943;29103;1149;0;27954;LE PEN;Marine;6478;23.17;MACRON;21476
02;554;02554;Commune_02554;72951;20024;52927;2102;0;50825;LE PEN;Marine;15138;29.79;MACRON;35687
66;267;66267;Commune_66267;73226;19720;53506;1079;0;52427;LE PEN;Marine;17353;33.1;MACRON;35074
06;493;06493;Commune_06493;31615;13597;18018;300;0;17718;LE PEN;Marine;5271;29.75;MACRON;12447
19;143;19143;Commune_19143;54079;18691;35388;568;0;34820;LE PEN;Marine;8135;23.37;MACRON;26685
17;023;17023;Commune_17023;40337;8112;32225;680;0;31545;LE PEN;Marine;11587;36.73;MACRON;19958
79;033;79033;Commune_79033;76977;20992;55985;1244;0;54741;LE PEN;Marine;15331;28.01;MACRON;39410
05;224;05224;Commune_05224;36432;13326;23106;392;0;22714;LE PEN;Marine;6964;30.66;MACRON;15750
40;571;40571;Commune_40571;24068;8857;15211;250;0;14961;LE PEN;Marine;3761;25.14;MACRON;11200
55;030;55030;Commune_55030;29325;11603;17722;658;0;17064;LE PEN;Marine;5349;31.35;MACRON;11715
48;222;48222;Commune_48222;22302;9561;12741;251;0;12490;LE PEN;Marine;4162;33.32;MACRON;8328
64;066;64066;Commune_64066;45125;16307;28818;735;0;28083;LE PEN;Marine;6784;24.16;MACRON;21299
76;559;76559;Commune_76559;49349;21672;27677;815;0;26862;LE PEN;Marine;7103;26.45;MACRON;19759
37;405;37405;Commune_37405;58715;16427;42288;1142;0;41146;LE PEN;Marine;9207;22.38;MACRON;31939
30;428;30428;Commune_30428;51626;17580;34046;698;0;33348;LE PEN;Marine;8767;26.29;MACRON;24581
2A;230;2A230;Commune_2A230;24235;7876;16359;176;0;16183;LE PEN;Marine;4999;30.89;MACRON;11184
47;464;47464;Commune_47464;29718;10935;18783;569;0;18214;LE PEN;Marine;5160;28.33;MACRON;13054
69;005;69005;Commune_69005;78105;33920;44185;1306;0;42879;LE PEN;Marine;10741;25.05;MACRON;32138
83;519;83519;Commune_83519;22066;7736;14330;488;0;13842;LE PEN;Marine;3225;23.31;MACRON;10617
74;444;74444;Commune_74444;62316;13133;49183;1119;0;48064;LE PEN;Marine;10698;22.26;MACRON;37366
81;443;81443;Commune_81443;75925;29149;46776;1321;0;45455;LE PEN;Marine;12188;26.82;MACRON;33267
50;236;50236;Commune_50236;43621;12843;30778;604;0;30174;LE PEN;Marine;6986;23.15;MACRON;23188
05;480;05480;Commune_05480;55832;24235;31597;515;0;31082;LE PEN;Marine;7251;23.33;MACRON;23831
46;229;46229;Commune_46229;29463;12346;17117;646;0;16471;LE PEN;Marine;4590;27.87;MACRON;11881
17;030;17030;Commune_17030;25037;11180;13857;388;0;13469;LE PEN;Marine;2445;18.15;MACRON;11024
84;544;84544;Commune_84544;48856;17588;31268;807;0;30461;LE PEN;Marine;8738;28.69;MACRON;21723
23;141;23141;Commune_23141;76585;21142;55443;1081;0;54362;LE PEN;Marine;15377;28.29;MACRON;38985
22;062;22062;Commune_22062;19681;4837;14844;480;0;14364;LE PEN;Marine;4989;34.74;MACRON;9375
24;373;24373;Commune_24373;46047;11415;34632;1372;0;33260;LE PEN;Marine;8231;24.75;MACRON;25029
60;140;60140;Commune_60140;57974;15261;42713;1199;0;41514;LE PEN;Marine;13691;32.98;MACRON;27823
54;515;54515;Commune_54515;39071;11071;28000;901;0;27099;LE PEN;Marine;6637;24.49;MACRON;20462
90;266;90266;Commune_90266;19643;4490;15153;310;0;14843;LE PEN;Marine;4202;28.31;MACRON;10641
39;003;39003;Commune_39003;63732;18268;45464;836;0;44628;LE PEN;Marine;10845;24.3;MACRON;33783
27;571;27571;Commune_27571;60660;15906;44754;1509;0;43245;LE PEN;Marine;12298;28.44;MACRON;30947
05;309;05309;Commune_05309;53646;18507;35139;887;0;34252;LE PEN;Marine;9089;26.54;MACRON;25163
01;158;01158;Commune_01158;50773;20703;30070;535;0;29535;LE PEN;Marine;8751;29.63;MACRON;20784
35;406;35406;Commune_35406;36700;8147;28553;550;0;28003;LE PEN;Marine;5022;17.94;MACRON;22981
88;318;88318;Commune_88318;18194;7089;11105;351;0;10754;LE PEN;Marine;3002;27.92;MACRON;7752
49;018;49018;Commune_49018;78359;24019;54340;1679;0;52661;LE PEN;Marine;15938;30.27;MACRON;36723
85;456;85456;Commune_85456;59573;16283;43290;1608;0;41682;LE PEN;Marine;9120;21.88;MACRON;32562
10;241;10241;Commune_10241;56857;17577;39280;472;0;38808;LE PEN;Marine;11182;28.81;MACRON;27626
09;420;09420;Commune_09420;71837;19608;52229;1296;0;50933;LE PEN;Marine;13990;27.47;MACRON;36943
79;537;79537;Commune_79537;32603;10201;22402;624;0;21778;LE PEN;Marine;6529;29.98;MACRON;15249
10;366;10366;Commune_10366;77463;19872;57591;1825;0;55766;LE PEN;Marine;19163;34.36;MACRON;36603
05;403;05403;Commune_05403;39870;10822;29048;913;0;28135;LE PEN;Marine;7059;25.09;MACRON;21076
38;153;38153;Commune_38153;69399;20900;48499;1892;0;46607;LE PEN;Marine;14233;30.54;MACRON;32374
88;143;88143;Commune_88143;72873;30622;42251;1223;0;41028;LE PEN;Marine;10148;24.74;MACRON;30880
65;249;65249;Commune_65249;42851;14171;28680;534;0;28146;LE PEN;Marine;7006;24.89;MACRON;21140
10;511;10511;Commune_10511;61600;19250;42350;886;0;41464;LE PEN;Marine;14917;35.98;MACRON;26547
79;314;79314;Commune_79314;30772;11103;19669;300;0;19369;LE PEN;Marine;6619;34.17;MACRON;12750
80;209;80209;Commune_80209;74093;22666;51427;1125;0;50302;LE PEN;Marine;12196;24.25;MACRON;38106
76;467;76467;Commune_76467;58334;18013;40321;1053;0;39268;LE PEN;Marine;9868;25.13;MACRON;29400
85;512;85512;Commune_85512;21233;8636;12597;351;0;12246;LE PEN;Marine;3725;30.42;MACRON;8521
2A;105;2A105;Commune_2A105;67652;17360;50292;1048;0;49244;LE PEN;Marine;11195;22.74;MACRON;38049
30;426;30426;Commune_30426;51878;20119;31759;1223;0;30536;LE PEN;Marine;8466;27.73;MACRON;22070
76;354;76354;Commune_76354;34123;15124;18999;657;0;18342;LE PEN;Marine;5998;32.7;MACRON;12344
54;269;54269;Commune_54269;51479;20634;30845;1035;0;29810;LE PEN;Marine;5701;19.13;MACRON;24109
73;238;73238;Commune_73238;15185;3156;12029;468;0;11561;LE PEN;Marine;3391;29.34;MACRON;8170
59;069;59069;Commune_59069;60835;23203;37632;1241;0;36391;LE PEN;Marine;10950;30.09;MACRON;25441
60;165;60165;Commune_60165;79743;23341;56402;1575;0;54827;LE PEN;Marine;14988;27.34;MACRON;39839
58;330;58330;Commune_58330;35595;15533;20062;203;0;19859;LE PEN;Marine;6033;30.38;MACRON;13826
73;532;73532;Commune_73532;52074;21768;30306;537;0;29769;LE PEN;Marine;11024;37.03;MACRON;18745
69;519;69519;Commune_69519;18754;4188;14566;372;0;14194;LE PEN;Marine;3271;23.05;MACRON;10923
13;113;13113;Commune_13113;65294;15699;49595;1589;0;48006;LE PEN;Marine;12651;26.35;MACRON;35355
78;407;78407;Commune_78407;66797;23523;43274;1554;0;41720;LE PEN;Marine;10771;25.82;MACRON;30949
50;051;50051;Commune_50051;48684;12863;35821;1327;0;34494;LE PEN;Marine;8681;25.17;MACRON;25813
31;405;31405;Commune_31405;63233;18992;44241;1143;0;43098;LE PEN;Marine;15738;36.52;MACRON;27360
48;205;48205;Commune_48205;15205;5115;10090;346;0;9744;LE PEN;Marine;2774;28.47;MACRON;6970
91;270;91270;Commune_91270;72860;31807;41053;412;0;40641;LE PEN;Marine;11577;28.49;MACRON;29064
81;430;81430;Commune_81430;52253;22553;29700;1167;0;28533;LE PEN;Marine;9445;33.1;MACRON;19088
79;255;79255;Commune_79255;49339;22135;27204;858;0;26346;LE PEN;Marine;6137;23.29;MACRON;20209
44;484;44484;Commune_44484;63667;13250;50417;1081;0;49336;LE PEN;Marine;16522;33.49;MACRON;32814
73;320;73320;Commune_73320;30820;13659;17161;185;0;16976;LE PEN;Marine;3756;22.13;MACRON;13220
36;599;36599;Commune_36599;17261;3510;13751;541;0;13210;LE PEN;Marine;3301;24.99;MACRON;9909
64;383;64383;Commune_64383;50969;18639;32330;791;0;31539;LE PEN;Marine;8725;27.66;MACRON;22814
60;178;60178;Commune_60178;53671;17146;36525;1022;0;35503;LE PEN;Marine;11083;31.22;MACRON;24420
24;465;24465;Commune_24465;21529;8337;13192;374;0;12818;LE PEN;Marine;3461;27.01;MACRON;9357
25;245;25245;Commune_25245;78937;35503;43434;732;0;42702;LE PEN;Marine;15159;35.5;MACRON;27543
06;320;06320;Commune_06320;73480;29210;44270;607;0;43663;LE PEN;Marine;13829;31.67;MACRON;29834
13;082;13082;Commune_13082;49566;14549;35017;458;0;34559;LE PEN;Marine;8440;24.42;MACRON;26119
45;345;45345;Commune_45345;25796;6846;18950;693;0;18257;LE PEN;Marine;5035;27.58;MACRON;13222
16;112;16112;Commune_16112;29375;8371;21004;334;0;20670;LE PEN;Marine;4564;22.08;MACRON;16106
39;598;39598;Commune_39598;75228;32249;42979;728;0;42251;LE PEN;Marine;8732;20.67;MACRON;33519
57;513;57513;Commune_57513;21431;4488;16943;363;0;16580;LE PEN;Marine;4287;25.86;MACRON;12293
22;420;22420;Commune_22420;77527;28573;48954;1238;0;47716;LE PEN;Marine;14226;29.81;MACRON;33490
32;441;32441;Commune_32441;46534;9544;36990;615;0;36375;LE PEN;Marine;11940;32.83;MACRON;24435
35;357;35357;Commune_35357;33959;12148;21811;499;0;21312;LE PEN;Marine;6391;29.99;MACRON;14921
47;037;47037;Commune_47037;17585;6231;11354;405;0;10949;LE PEN;Marine;3183;29.07;MACRON;7766
35;236;35236;Commune_35236;23129;9597;13532;372;0;13160;LE PEN;Marine;3833;29.13;MACRON;9327
69;297;69297;Commune_69297;34942;14235;20707;214;0;20493;LE PEN;Marine;4800;23.42;MACRON;15693
31;549;31549;Commune_31549;41431;15813;25618;303;0;25315;LE PEN;Marine;5092;20.12;MACRON;20223
41;132;41132;Commune_41132;39920;9879;30041;949;0;29092;LE PEN;Marine;9098;31.27;MACRON;19994
36;298;36298;Commune_36298;39489;8418;31071;708;0;30363;LE PEN;Marine;10086;33.22;MACRON;20277
18;207;18207;Commune_18207;15979;4533;11446;188;0;11258;LE PEN;Marine;3840;34.11;MACRON;7418
64;081;64081;Commune_64081;61007;22823;38184;988;0;37196;LE PEN;Marine;13240;35.6;MACRON;23956
28;219;28219;Commune_28219;31215;10443;20772;349;0;20423;LE PEN;Marine;5769;28.25;MACRON;14654
74;050;74050;Commune_74050;66782;13466;53316;718;0;52598;LE PEN;Marine;14314;27.22;MACRON;38284
90;041;90041;Commune_90041;33487;8297;25190;885;0;24305;LE PEN;Marine;6329;26.04;MACRON;17976
63;211;63211;Commune_63211;77132;19382;57750;938;0;56812;LE PEN;Marine;17091;30.09;MACRON;39721
87;121;87121;Commune_87121;76002;19823;56179;1818;0;54361;LE PEN;Marine;15272;28.09;MACRON;39089
81;333;81333;Commune_81333;56117;21443;34674;535;0;34139;LE PEN;Marine;8746;25.62;MACRON;25393
45;011;45011;Commune_45011;78630;25951;52679;1433;0;51246;LE PEN;Marine;14289;27.89;MACRON;36957
72;181;72181;Commune_72181;36327;8747;27580;912;0;26668;LE PEN;Marine;6746;25.3;MACRON;19922
31;272;31272;Commune_31272;74208;28506;45702;1113;0;44589;LE PEN;Marine;11794;26.45;MACRON;32795
43;577;43577;Commune_43577;58949;21584;37365;636;0;36729;LE PEN;Marine;12242;33.33;MACRON;24487
50;381;50381;Commune_50381;65880;24056;41824;739;0;41085;LE PEN;Marine;12692;30.89;MACRON;28393
91;528;91528;Commune_91528;15665;4810;10855;128;0;10727;LE PEN;Marine;3058;28.51;MACRON;7669
80;206;80206;Commune_80206;66832;29327;37505;1096;0;36409;LE PEN;Marine;10819;29.72;MACRON;25590
46;270;46270;Commune_46270;32583;10035;22548;453;0;22095;LE PEN;Marine;9376;42.44;MACRON;12719
61;252;61252;Commune_61252;43592;9177;34415;947;0;33468;LE PEN;Marine;8911;26.63;MACRON;24557
19;532;19532;Commune_19532;24576;6887;17689;458;0;17231;LE PEN;Marine;5962;34.61;MACRON;11269
76;575;76575;Commune_76575;65512;14800;50712;1089;0;49623;LE PEN;Marine;16321;32.89;MACRON;33302
52;577;52577;Commune_52577;67424;18710;48714;823;0;47891;LE PEN;Marine;13261;27.69;MACRON;34630
50;451;50451;Commune_50451;34077;11935;22142;225;0;21917;LE PEN;Marine;6340;28.93;MACRON;15577
72;302;72302;Commune_72302;57370;12112;45258;1631;0;43627;LE PEN;Marine;8389;19.23;MACRON;35238
59;324;59324;Commune_59324;29147;5846;23301;454;0;22847;LE PEN;Marine;5847;25.6;MACRON;17000
07;588;07588;Commune_07588;33904;11368;22536;800;0;21736;LE PEN;Marine;5783;26.61;MACRON;15953
27;171;27171;Commune_27171;43266;14597;28669;859;0;27810;LE PEN;Marine;8687;31.24;MACRON;19123
17;208;17208;Commune_17208;34798;14525;20273;459;0;19814;LE PEN;Marine;6691;33.77;MACRON;13123
69;538;69538;Commune_69538;16663;4680;11983;168;0;11815;LE PEN;Marine;4141;35.05;MACRON;7674
04;232;04232;Commune_04232;35111;13758;21353;669;0;20684;LE PEN;Marine;8673;41.93;MACRON;12011
19;141;19141;Commune_19141;67213;23155;44058;1382;0;42676;LE PEN;Marine;11124;26.07;MACRON;31552
56;336;56336;Commune_56336;25154;6506;18648;239;0;18409;LE PEN;Marine;7081;38.46;MACRON;11328
65;195;65195;Commune_65195;66496;17888;48608;980;0;47628;LE PEN;Marine;16794;35.26;MACRON;30834
47;534;47534;Commune_47534;70379;18232;52147;1660;0;50487;LE PEN;Marine;17431;34.53;MACRON;33056
82;545;82545;Commune_82545;34944;10846;24098;772;0;23326;LE PEN;Marine;4065;17.43;MACRON;19261
87;184;87184;Commune_87184;54057;10822;43235;1182;0;42053;LE PEN;Marine;10553;25.1;MACRON;31500
13;318;13318;Commune_13318;74122;19564;54558;1946;0;52612;LE PEN;Marine;17423;33.12;MACRON;35189
90;590;90590;Commune_90590;67566;14282;53284;841;0;52443;LE PEN;Marine;15184;28.95;MACRON;37259
58;445;58445;Commune_58445;23129;7018;16111;378;0;15733;LE PEN;Marine;4617;29.35;MACRON;11116
60;130;60130;Commune_60130;25754;7915;17839;605;0;17234;LE PEN;Marine;5463;31.7;MACRON;11771
09;354;09354;Commune_09354;16375;5660;10715;337;0;10378;LE PEN;Marine;3374;32.52;MACRON;7004
58;372;58372;Commune_58372;75561;30285;45276;1178;0;44098;LE PEN;Marine;12748;28.91;MACRON;31350
68;392;68392;Commune_68392;45152;14633;30519;804;0;29715;LE PEN;Marine;7244;24.38;MACRON;22471
55;015;55015;Commune_55015;16417;4370;12047;355;0;11692;LE PEN;Marine;3208;27.44;MACRON;8484
08;180;08180;Commune_08180;69380;31122;38258;515;0;37743;LE PEN;Marine;12355;32.74;MACRON;25388
49;512;49512;Commune_49512;38295;7917;30378;1144;0;29234;LE PEN;Marine;7510;25.69;MACRON;21724
89;145;89145;Commune_89145;53136;20473;32663;754;0;31909;LE PEN;Marine;10958;34.34;MACRON;20951
68;180;68180;Commune_68180;36131;10027;26104;540;0;25564;LE PEN;Marine;6682;26.14;MACRON;18882
13;194;13194;Commune_13194;29775;10401;19374;345;0;19029;LE PEN;Marine;4883;25.66;MACRON;14146
91;107;91107;Commune_91107;19374;7145;12229;182;0;12047;LE PEN;Marine;3840;31.88;MACRON;8207
91;094;91094;Commune_91094;51622;16434;35188;637;0;34551;LE PEN;Marine;11029;31.92;MACRON;23522
16;208;16208;Commune_16208;57824;18015;39809;986;0;38823;LE PEN;Marine;10586;27.27;MACRON;28237
76;524;76524;Commune_76524;40309;8506;31803;442;0;31361;LE PEN;Marine;8786;28.02;MACRON;22575
38;001;38001;Commune_38001;66738;15285;51453;1602;0;49851;LE PEN;Marine;16603;33.31;MACRON;33248
56;170;56170;Commune_56170;65918;23495;42423;861;0;41562;LE PEN;Marine;10841;26.09;MACRON;30721
42;037;42037;Commune_42037;60015;26923;33092;1306;0;31786;LE PEN;Marine;8778;27.62;MACRON;23008
73;337;73337;Commune_73337;71907;25126;46781;1230;0;45551;LE PEN;Marine;11644;25.56;MACRON;33907
2B;088;2B088;Commune_2B088;54422;23939;30483;463;0;30020;LE PEN;Marine;9665;32.2;MACRON;20355
74;475;74475;Commune_74475;38063;12235;25828;868;0;24960;LE PEN;Marine;7089;28.4;MACRON;17871
88;351;88351;Commune_88351;55518;15841;39677;1112;0;38565;LE PEN;Marine;8023;20.81;MACRON;30542
89;470;89470;Commune_89470;50212;21739;28473;874;0;27599;LE PEN;Marine;8339;30.22;MACRON;19260
09;381;09381;Commune_09381;67992;18433;49559;904;0;48655;LE PEN;Marine;16947;34.83;MACRON;31708
24;263;24263;Commune_24263;27197;10785;16412;261;0;16151;LE PEN;Marine;4109;25.44;MACRON;12042
68;516;68516;Commune_68516;27717;8844;18873;265;0;18608;LE PEN;Marine;5477;29.44;MACRON;13131
55;286;55286;Commune_55286;48234;20439;27795;300;0;27495;LE PEN;Marine;9876;35.92;MACRON;17619
05;570;05570;Commune_05570;57853;21416;36437;574;0;35863;LE PEN;Marine;9605;26.78;MACRON;26258
09;596;09596;Commune_09596;65858;24648;41210;686;0;40524;LE PEN;Marine;11406;28.15;MACRON;29118
49;353;49353;Commune_49353;79263;31770;47493;1007;0;46486;LE PEN;Marine;10173;21.89;MACRON;36313
58;405;58405;Commune_58405;64845;16504;48341;1012;0;47329;LE PEN;Marine;13101;27.68;MACRON;34228
16;154;16154;Commune_16154;54380;15961;38419;939;0;37480;LE PEN;Marine;11092;29.59;MACRON;26388
16;488;16488;Commune_16488;39345;12109;27236;509;0;26727;LE PEN;Marine;7750;29.0;MACRON;18977
13;403;13403;Commune_13403;70022;19194;50828;1758;0;49070;LE PEN;Marine;15832;32.26;MACRON;33238
53;541;53541;Commune_53541;16949;3445;13504;491;0;13013;LE PEN;Marine;3662;28.15;MACRON;9351
01;160;01160;Commune_01160;45253;18136;27117;911;0;26206;LE PEN;Marine;8615;32.88;MACRON;17591
54;472;54472;Commune_54472;78228;24744;53484;1359;0;52125;LE PEN;Marine;13692;26.27;MACRON;38433
45;282;45282;Commune_45282;54061;12794;41267;1168;0;40099;LE PEN;Marine;9887;24.66;MACRON;30212
44;111;44111;Commune_44111;58501;25611;32890;771;0;32119;LE PEN;Marine;8093;25.2;MACRON;24026
64;103;64103;Commune_64103;49950;11139;38811;1216;0;37595;LE PEN;Marine;7871;20.94;MACRON;29724
49;337;49337;Commune_49337;37898;8679;29219;1016;0;28203;LE PEN;Marine;7159;25.39;MACRON;21044
68;192;68192;Commune_68192;18312;5738;12574;134;0;12440;LE PEN;Marine;2770;22.27;MACRON;9670
72;062;72062;Commune_72062;64201;28015;36186;709;0;35477;LE PEN;Marine;6488;18.29;MACRON;28989
87;256;87256;Commune_87256;51557;15095;36462;1363;0;35099;LE PEN;Marine;7968;22.7;MACRON;27131
76;392;76392;Commune_76392;59261;13926;45335;1702;0;43633;LE PEN;Marine;9145;20.96;MACRON;34488
49;192;49192;Commune_49192;38256;17014;21242;364;0;20878;LE PEN;Marine;4730;22.66;MACRON;16148
46;573;46573;Commune_46573;69955;18244;51711;1125;0;50586;LE PEN;Marine;12314;24.34;MACRON;38272
22;467;22467;Commune_22467;61141;17475;43666;1238;0;42428;LE PEN;Marine;12038;28.37;MACRON;30390
56;308;56308;Commune_56308;45953;12423;33530;421;0;33109;LE PEN;Marine;11722;35.4;MACRON;21387
13;560;13560;Commune_13560;63085;25893;37192;520;0;36672;LE PEN;Marine;9078;24.76;MACRON;27594
88;260;88260;Commune_88260;24535;5438;19097;647;0;18450;LE PEN;Marine;6687;36.25;MACRON;11763
99;000;99000;Commune_99000;75611;31819;43792;1192;0;42600;LE PEN;Marine;13788;32.37;MACRON;28812
99;001;99001;Commune_99001;71258;25504;45754;824;0;44930;LE PEN;Marine;10548;23.48;MACRON;34382
99;002;99002;Commune_99002;27169;6596;20573;294;0;20279;LE PEN;Marine;6976;34.4;MACRON;13303
99;003;99003;Commune_99003;49888;10179;39709;1215;0;38494;LE PEN;Marine;9302;24.17;MACRON;29192
99;004;99004;Commune_99004;57001;24522;32479;1209;0;31270;LE PEN;Marine;11017;35.23;MACRON;20253
99;005;99005;Commune_99005;40937;13752;27185;809;0;26376;LE PEN;Marine;8206;31.11;MACRON;18170
99;006;99006;Commune_99006;56800;13078;43722;1063;0;42659;LE PEN;Marine;11660;27.34;MACRON;30999
